"","facebook_S_alphas","facebook_S_gammas","facebook_S_thetas","newsletter_alphas","newsletter_gammas","newsletter_thetas","ooh_S_alphas","ooh_S_gammas","ooh_S_thetas","print_S_alphas","print_S_gammas","print_S_thetas","search_S_alphas","search_S_gammas","search_S_thetas","tv_S_alphas","tv_S_gammas","tv_S_thetas","train_size","rsq_train","rsq_val","rsq_test","nrmse_train","nrmse_val","nrmse_test","nrmse","decomp.rssd","mape","lambda","lambda_hp","lambda_max","lambda_min_ratio","pos","Elapsed","ElapsedAccum","solID","trial","iterNG","iterPar","iterations","coef0","mape.qt10","robynPareto","error_score","cluster","top_sol"
"1",2.788823299,0.88139232543,0.19643321751,1.02322963825,0.55379915015,0.30212974387,0.5064400386475,0.93985232605,0.39549411364,2.3640419825,0.359576290634,0.15403625932,1.2951244265,0.5057550145,0.003499686315,2.80866813125,0.61803011352,0.4472908664,0.62845673951,0.934574388164493,0.812366020094438,0.975454787096748,0.0576235483751571,0.106707957553373,0.0420630816020276,0.106707957553373,0.113421695334312,0,40755.9907198902,0.0005224608004,65481090.2533626,1e-04,1,0.0783419609069824,19.2765471935272,"1_113_9",1,113,9,1689,FALSE,TRUE,6,0.0125907840823668,1,FALSE
"2",2.7709046865,0.7957952531,0.16300436061,0.61707238555,0.61391441536,0.30212974387,0.5064400386475,0.93985232605,0.39549411364,2.3640419825,0.359576290634,0.15403625932,1.2951244265,0.5057550145,0.003499686315,2.80866813125,0.61803011352,0.4472908664,0.62845673951,0.934592913329013,0.812342848684386,0.975202644047844,0.0576153897866562,0.106714546172104,0.0422785781048653,0.106714546172104,0.113281523129908,0,40755.9907198902,0.0005224608004,65481090.2533626,1e-04,1,0.0840010643005371,19.5969760417938,"1_115_9",1,115,9,1719,FALSE,TRUE,6,0.0125912012703762,1,FALSE
"3",2.7709046865,0.7957952531,0.16300436061,0.61707238555,0.61391441536,0.30212974387,0.5064400386475,0.93985232605,0.38005907722,2.648030386,0.355919222982,0.15507804328,1.2951244265,0.5057550145,0.003499686315,2.80866813125,0.61803011352,0.4472908664,0.62845673951,0.934659925658133,0.812537468417114,0.975106463411346,0.0575858675201041,0.106659194846732,0.0423604909740556,0.106659194846732,0.115936437667282,0,40755.9907198902,0.0005224608004,65481090.2533626,1e-04,1,0.221725940704346,20.0555770397186,"1_117_9",1,117,9,1749,FALSE,TRUE,6,0.0134286621867897,1,FALSE
"4",2.99781085725,0.83002606363,0.13559535897,1.44016557325,0.635387885,0.37394952877,0.5155752753925,0.95121921053,0.37005433486,2.46306119225,0.37620736221,0.16253207671,1.3024339695,0.47704861335,0.007408647327,2.8452121585,0.62278902047,0.45955195645,0.62884852733,0.934394528228882,0.815941200620891,0.974068866757844,0.0577026997519224,0.10568646077582,0.0432343001391881,0.10568646077582,0.11677838735039,0,42614.6772688319,0.0005508487278,65481090.2533626,1e-04,1,0.192773818969727,20.8976290225983,"1_120_4",1,120,4,1789,FALSE,TRUE,6,0.0138634266713513,1,FALSE
"5",2.76975400925,0.81765456344,0.15849833502,0.74226354055,0.62318354502,0.31351796281,0.51158812505,0.99742060171,0.39738102958,2.9146692175,0.355919222982,0.15507804328,1.2951244265,0.5057550145,0.003499686315,2.80866813125,0.61803011352,0.4472908664,0.62838533663,0.934804670366534,0.812694599000858,0.975214876324861,0.0575220485623268,0.106614484752389,0.0422681490277933,0.106614484752389,0.106001370674255,0,40497.5453381979,0.0005185135352,65481090.2533626,1e-04,1,0.0846600532531738,22.2576990127563,"1_127_9",1,127,9,1899,FALSE,TRUE,4,0.0103908736723914,1,FALSE
"6",2.81859226725,0.97955089279,0.15128730768,1.23848875575,0.53521959132,0.36703033852,0.527683808525,0.98936310821,0.39836132173,2.781043447,0.367877894798,0.16101813805,1.4372595195,0.368358285093,0.0020445264681,2.79550383225,0.80796898082,0.6113310727,0.62902464017,0.931984830096899,0.814309979477392,0.974160042780221,0.0587528577048325,0.106153750859098,0.0431582255105744,0.106153750859098,0.106842471422314,0,50725.0204325296,0.0006747189054,65481090.2533626,1e-04,1,0.112580060958862,23.2383761405945,"1_132_10",1,132,10,1975,FALSE,TRUE,4,0.0108632382521591,1,FALSE
"7",2.6250278265,0.96493032025,0.10986441225,1.825066023,0.89174858575,0.39158724784,0.5121743173475,0.336425088322,0.39536866723,1.4337072475,0.678913052,0.14295343027,0.6381731492,0.84386570679,0.12961071333,2.15945947475,0.9984521166,0.65777569265,0.64280739203,0.931785939267862,0.797622923680548,0.964293190243483,0.0599301377092431,0.105162106769303,0.0489536165872077,0.105162106769303,0.13621757515867,0,74299.7571407931,0.001034778494,65481090.2533626,1e-04,1,0.101773977279663,21.3749039173126,"2_120_3",2,120,3,1788,FALSE,TRUE,6,0.0210206400691399,4,FALSE
"8",2.104077289,0.69510578436,0.25617872286,2.04352011675,0.90180966811,0.34104484978,0.5415528308,0.315768378402,0.35734305037,2.19199375125,0.345865550325,0.27215553313,0.80084049525,0.315169698215,0.09596111568,2.81227782425,0.6495914443,0.47659145105,0.526376908028,0.928408431833102,0.875645707498999,0.870865662802312,0.0567171982870257,0.0753955948661278,0.104058604976601,0.0753955948661278,0.193742327967828,0,40740.3618615635,0.0005222220991,65481090.2533626,1e-04,1,0.0790951251983643,20.3000359535217,"4_119_1",4,119,1,1771,TRUE,TRUE,6,0.0536965870601765,2,FALSE
"9",1.65197111325,0.70472727736,0.29989132206,2.78598495075,0.81271325315,0.32400923494,0.50555383548,0.330098715514,0.37089502771,2.444090705,0.51336386519,0.116092615867,0.64303782485,0.38368809813,0.18504677319,2.96830981125,0.53102917852,0.49097595785,0.54613043669,0.929529896880761,0.893953833147181,0.855872883473695,0.0555743192859784,0.0699340347295094,0.108612074160201,0.0699340347295094,0.228919881884982,0,44289.7694564571,0.000576432598,65481090.2533626,1e-04,1,0.104130983352661,20.490777015686,"4_120_3",4,120,3,1788,TRUE,TRUE,3,0.0641211903399614,2,FALSE
"10",1.42537186775,0.53589097973,0.26932612146,2.983965754,0.79824054525,0.32231400481,0.5210300915475,0.337936160766,0.39646402339,2.25129543475,0.58277551134,0.14863230124,1.3678110165,0.312885977503,0.16689456885,2.85166403125,0.60791014394,0.44772946605,0.54595693694,0.928661996003384,0.892686891915988,0.849106212936805,0.0559154951746115,0.0703505478823351,0.111132462502436,0.0703505478823351,0.180355636594642,0,47419.7410976212,0.0006242370047,65481090.2533626,1e-04,1,0.116969108581543,20.7196898460388,"4_121_10",4,121,10,1810,FALSE,TRUE,2,0.0534052343805767,3,FALSE
"11",2.61822073,0.55487723065,0.26313955563,1.018991607,0.93662332195,0.39853558492,0.54005078075,0.319884505116,0.38989850383,1.85231276825,0.55684242885,0.33762890932,0.5802164988,0.54495870406,0.16741757115,2.76068705225,0.59805364981,0.477258737,0.56881215977,0.9299599102112,0.87866902295935,0.879803113294527,0.0550876360965518,0.0808470236118688,0.100993735089585,0.0808470236118688,0.165837878968803,0,40684.3821625278,0.0005213671149,65481090.2533626,1e-04,1,0.112087965011597,20.7186720371246,"4_121_11",4,121,11,1811,TRUE,TRUE,6,0.0461987833719871,2,FALSE
"12",1.65197111325,0.70472727736,0.29989132206,2.78598495075,0.81271325315,0.32400923494,0.50555383548,0.330098715514,0.37089502771,2.444090705,0.56889318211,0.14212436416,0.64303782485,0.38368809813,0.18504677319,2.96830981125,0.53102917852,0.49097595785,0.54613043669,0.929580125322007,0.89409313754713,0.856466466895843,0.0555545101123851,0.0698880862501932,0.108388185536508,0.0698880862501932,0.230882268637907,0,44289.7694564571,0.000576432598,65481090.2533626,1e-04,1,0.118445158004761,20.918182849884,"4_122_3",4,122,3,1818,TRUE,TRUE,3,0.0645635086969023,2,FALSE
"13",1.3708694915,0.42187482461,0.25845638289,2.64524593025,0.92561896684,0.32850513076,0.5290086237,0.345295967381,0.38744206612,2.9574421945,0.5904576759,0.20705673277,1.29730009475,0.79353759952,0.13654809474,2.3589819205,0.6410220492,0.45795098755,0.54597057899,0.929493026843675,0.894317612107045,0.849981114112763,0.0555888556579945,0.0698139814246099,0.110809814128595,0.0698139814246099,0.259700850933535,0,46444.7089543272,0.0006093452298,65481090.2533626,1e-04,1,0.123012065887451,20.9481539726257,"4_122_11",4,122,11,1826,FALSE,TRUE,4,0.073104247762595,2,FALSE
"14",2.15214424525,0.85566442113,0.24435727443,2.2517295325,0.86263606847,0.30172224049,0.5030396357925,0.339333669375,0.38123537518,2.57824496925,0.62515867132,0.121776295696,0.96211682875,0.49322304631,0.03456126156,2.917754098,0.60118625306,0.55885632635,0.54647881532,0.930436503552768,0.892736251914539,0.868639194683344,0.0552156767798807,0.070334366716769,0.103690306828709,0.070334366716769,0.201236187311464,0,34913.5549826964,0.0004332286264,65481090.2533626,1e-04,1,0.121294021606445,21.1135728359222,"4_123_1",4,123,1,1831,TRUE,TRUE,4,0.0553877835640997,3,FALSE
"15",1.42537186775,0.53589097973,0.26932612146,2.983965754,0.79824054525,0.32231400481,0.5210300915475,0.337936160766,0.39646402339,2.25129543475,0.62719896489,0.16945769986,1.3678110165,0.312885977503,0.16689456885,2.85166403125,0.60791014394,0.44772946605,0.54595693694,0.928682665252381,0.892657222919775,0.84953558075056,0.0559073941978923,0.0703602721645365,0.110974236321608,0.0703602721645365,0.181468452760575,0,47419.7410976212,0.0006242370047,65481090.2533626,1e-04,1,0.125171184539795,21.1430678367615,"4_123_10",4,123,10,1840,FALSE,TRUE,3,0.053578818371097,3,FALSE
"16",1.65197111325,0.70472727736,0.29989132206,2.78598495075,0.81271325315,0.32400923494,0.5055087539825,0.315839380095,0.34985328499,2.99715193025,0.51727709801,0.23022735166,0.565257396725,0.78789805785,0.18504677319,2.96830981125,0.53102917852,0.49097595785,0.54613043669,0.929363510765234,0.893015273665182,0.856209055233544,0.0556398885345661,0.0702428278816033,0.108485333166556,0.0702428278816033,0.246658839765745,0,44289.7694564571,0.000576432598,65481090.2533626,1e-04,1,0.122750997543335,21.3344449996948,"4_124_3",4,124,3,1848,TRUE,TRUE,6,0.0688246354590771,2,FALSE
"17",2.17839016975,0.66555576078,0.29738524725,2.444001574,0.82167279815,0.31755468673,0.5071091796175,0.336354419738,0.37022181751,2.50097671625,0.65262644746,0.18186436177,0.6596893765,0.41486986812,0.17824704774,2.90559033525,0.63773821578,0.52147889045,0.510096378983,0.929007421244452,0.882263723228057,0.878050535169231,0.057100006363875,0.0779971954439086,0.101220553242912,0.0779971954439086,0.173402658544247,0,36278.8767599116,0.0004540813385,65481090.2533626,1e-04,1,0.136522054672241,21.3499038219452,"4_124_4",4,124,4,1849,TRUE,TRUE,6,0.0479238846240806,2,FALSE
"18",1.883358133,0.62630294613,0.28791549558,2.10043459675,0.87214246873,0.31266194533,0.5092941189625,0.336034195764,0.37788594724,2.60384086975,0.58835467759,0.1493325157,0.9235742665,0.47263735916,0.05419277553,2.887200544,0.59691560955,0.55413280945,0.54053339543,0.929863375724197,0.889295477225583,0.871227449827725,0.0556492617592249,0.0704998954702001,0.102572820260431,0.0704998954702001,0.162306839565653,0,35799.8770896366,0.000446765523,65481090.2533626,1e-04,1,0.113756895065308,21.3566308021545,"4_124_14",4,124,14,1859,FALSE,TRUE,1,0.0461219475642339,3,FALSE
"19",1.42537186775,0.53589097973,0.26932612146,2.983965754,0.79824054525,0.32231400481,0.5210300915475,0.337936160766,0.39646402339,2.25129543475,0.58277551134,0.14863230124,1.3678110165,0.5273656651,0.0853051023,2.70131822675,0.57604150707,0.52845373705,0.54636352601,0.930211541165658,0.89472318762602,0.852525158148278,0.0553048860981085,0.0696798906815207,0.10986623147533,0.0696798906815207,0.213155585068716,0,38194.8179150786,0.0004833437219,65481090.2533626,1e-04,1,0.0821750164031982,21.528030872345,"4_125_10",4,125,10,1870,FALSE,TRUE,2,0.0605240822387417,3,FALSE
"20",1.65197111325,0.57621434652,0.29115268185,0.85504818125,0.85565290375,0.33413541073,0.50850098077,0.320587764302,0.35544602065,2.87504793825,0.49768984004,0.32920207483,0.78968655,0.85905746673,0.05555504778,2.96830981125,0.53102917852,0.49097595785,0.54613043669,0.928670979735356,0.878676848955706,0.876427085120527,0.0559119742908649,0.07480195317927,0.100569641963847,0.07480195317927,0.175808239725002,0,44289.7694564571,0.000576432598,65481090.2533626,1e-04,1,0.0761299133300781,21.6760909557343,"4_126_3",4,126,3,1878,FALSE,TRUE,4,0.0482051745212753,2,FALSE
"21",2.594560874,0.59213076718,0.26220899283,2.54463680625,0.87889213774,0.29019127798,0.50946906517,0.351092012461,0.39951382504,2.07174766375,0.70948989606,0.22279487299,0.9638053075,0.44919207555,0.17529214062,2.89917361575,0.54567645445,0.5432624641,0.525090431177,0.929352081450932,0.876928658214239,0.871116834670914,0.0565952066693396,0.0774496146381533,0.104456985908794,0.0774496146381533,0.165533863615101,0,38562.6487138092,0.0004889616428,65481090.2533626,1e-04,1,0.0903818607330322,21.6965339183807,"4_126_6",4,126,6,1881,FALSE,TRUE,4,0.0475659190730568,3,FALSE
"22",1.3708694915,0.42187482461,0.25845638289,2.64524593025,0.92561896684,0.32850513076,0.5290086237,0.339004556976,0.36761425246,2.936120762,0.5904576759,0.20705673277,1.29730009475,0.79353759952,0.13654809474,2.3589819205,0.6410220492,0.45795098755,0.54597057899,0.929467204057717,0.894287005068417,0.849639133618632,0.0555990342803978,0.0698240902259904,0.110936042314014,0.0698240902259904,0.272031674778285,0,46444.7089543272,0.0006093452298,65481090.2533626,1e-04,1,0.0823450088500977,21.7075169086456,"4_126_11",4,126,11,1886,FALSE,TRUE,5,0.076585568655009,2,FALSE
"23",1.883358133,0.62630294613,0.28791549558,2.10043459675,0.87214246873,0.31266194533,0.5092941189625,0.336034195764,0.37788594724,2.60384086975,0.58835467759,0.1493325157,0.9235742665,0.47263735916,0.05419277553,2.887200544,0.59691560955,0.5746760674,0.54053339543,0.929759213948069,0.889006042925392,0.871571489318027,0.0556905695314307,0.0705919954479243,0.102435707565919,0.0705919954479243,0.168088608403967,0,35799.8770896366,0.000446765523,65481090.2533626,1e-04,1,0.076002836227417,21.7167918682098,"4_126_14",4,126,14,1889,FALSE,TRUE,2,0.0472628410763699,3,FALSE
"24",2.15214424525,0.85566442113,0.24435727443,2.2517295325,0.86263606847,0.30172224049,0.5030396357925,0.340855241371,0.39609783613,2.29620862125,0.62069533832,0.121216124119,1.31750622875,0.53700569102,0.05945112297,2.7690482445,0.58448697109,0.53831306845,0.55114291979,0.930304768907912,0.892680614048929,0.865232042989074,0.0552679339084991,0.0703526056222328,0.105026424542901,0.0703526056222328,0.178368767174704,0,36829.5076417405,0.0004624911855,65481090.2533626,1e-04,1,0.0780239105224609,21.8341488838196,"4_127_1",4,127,1,1891,FALSE,TRUE,2,0.0505254149208811,3,FALSE
"25",1.800754971,0.66143860886,0.27650707425,2.2933350825,0.88544542973,0.31123159933,0.5126435031325,0.34052287834,0.37564082947,2.66062810025,0.57749085511,0.1894001896,0.69851564655,0.50420435742,0.17914370754,2.922076221,0.5860639908,0.55170823225,0.55117164188,0.930397289397021,0.892706015730078,0.868225753442113,0.0552312376070393,0.0703442791665815,0.103853354589418,0.0703442791665815,0.215413607658513,0,33800.3222989798,0.0004162260992,65481090.2533626,1e-04,1,0.0817790031433105,21.8507568836212,"4_127_7",4,127,7,1897,TRUE,TRUE,6,0.0590335217926895,2,FALSE
"26",1.51871516175,0.53867648546,0.26904916125,2.854300426,0.93410701417,0.34201353505,0.542396694525,0.350131841984,0.38882069008,2.87169572075,0.59284905447,0.22012477555,1.3396204675,0.41120150321,0.15717461079,2.749858949,0.61392416412,0.45714273865,0.54708282815,0.928654834752832,0.891682734095128,0.84291695275152,0.0559183016368028,0.0706789260565102,0.11338873683826,0.0706789260565102,0.210060412582856,0,48039.2853689496,0.0006336993736,65481090.2533626,1e-04,1,0.0816500186920166,21.8537759780884,"4_127_8",4,127,8,1898,FALSE,TRUE,6,0.0610330331360261,2,FALSE
"27",2.34940141775,0.90549372814,0.21460617519,2.94251228625,0.91219241083,0.32570972164,0.5206264927775,0.324063055037,0.39571432825,2.90309594075,0.71718774384,0.24469116418,0.71955631825,0.327999417047,0.024443591709,2.90088509375,0.5905299012,0.5473542708,0.526477286474,0.92949488577638,0.884246877220195,0.849118876066953,0.0562851907150943,0.0727414476328919,0.112479813025998,0.0727414476328919,0.204537817232006,0,42026.9468287283,0.0005418722551,65481090.2533626,1e-04,1,0.0778379440307617,21.8537948131561,"4_127_9",4,127,9,1899,TRUE,TRUE,6,0.0593797176792833,3,FALSE
"28",2.61822073,0.55487723065,0.26313955563,1.018991607,0.93662332195,0.39853558492,0.54005078075,0.319884505116,0.38989850383,1.85231276825,0.55684242885,0.33762890932,0.5802164988,0.54495870406,0.16741757115,2.76068705225,0.59805364981,0.477258737,0.5505279815,0.929130635923629,0.878749137197201,0.874990203721437,0.0557315300406013,0.074779665152169,0.101152654021857,0.074779665152169,0.180750691783605,0,40684.3821625278,0.0005213671149,65481090.2533626,1e-04,1,0.0790548324584961,21.8625769615173,"4_127_11",4,127,11,1901,TRUE,TRUE,4,0.049555485347544,NA,NA
"29",2.075697674,0.85315837066,0.25422585999,2.24167352225,0.8738100102,0.30963569485,0.5005471549105,0.363543891264,0.37709446165,2.531078837,0.68409218085,0.115148340931,0.86423269675,0.45797553373,0.06080206893,2.8941453075,0.58210038444,0.5416003323,0.54376229648,0.93005246228827,0.877474012907561,0.874156799698063,0.0555741966309749,0.0743210766096284,0.102913309961993,0.0743210766096284,0.197359443752206,0,38247.0742013042,0.000484141838,65481090.2533626,1e-04,1,0.0710840225219727,21.8791468143463,"4_127_15",4,127,15,1905,TRUE,TRUE,6,0.05415689674504,3,FALSE
"30",2.047268888,0.75913861343,0.24809440983,2.26274675825,0.84497077733,0.29346490603,0.501472708459,0.341090427686,0.39134997346,2.50155185175,0.48836365471,0.28288522273,1.5037532805,0.38623754867,0.12745248834,2.61871734525,0.67846740211,0.52978319435,0.55022242748,0.929105735372382,0.887307452789603,0.863078532529806,0.0557413200532554,0.0720922690833115,0.105862228243908,0.0720922690833115,0.181717575723509,0,38752.3635174712,0.0004918591782,65481090.2533626,1e-04,1,0.0796139240264893,22.0002949237823,"4_128_1",4,128,1,1906,FALSE,TRUE,4,0.0515976487246776,3,FALSE
"31",1.51164222625,0.52755759306,0.27337379289,2.56849665925,0.80432777927,0.32279206471,0.5317318365,0.336067171049,0.39173674507,2.78558258975,0.61017707637,0.24423798184,1.0451855725,0.44270079985,0.18162180894,2.9463903445,0.65072354828,0.538339236,0.54269983856,0.929047421951029,0.875717879554607,0.870050827844533,0.0559720312385525,0.0748517941215192,0.104578745523172,0.0748517941215192,0.172729926262696,0,38078.9328009569,0.0004815737956,65481090.2533626,1e-04,1,0.084057092666626,22.00736784935,"4_128_2",4,128,2,1907,FALSE,TRUE,3,0.0491209125059285,2,FALSE
"32",1.10430270475,0.47162607994,0.25881993426,2.73499283475,0.75060147818,0.33239993356,0.52791304745,0.335988053472,0.39687711622,2.09400958775,0.56129504408,0.18418608436,0.78968655,0.85905746673,0.16951652607,2.7262873335,0.5758346689,0.43583550645,0.55065574136,0.928841819810339,0.892024383719685,0.85815859751045,0.0558449767896742,0.0705673718198364,0.107747391975611,0.0705673718198364,0.188529418809873,0,48709.6994310515,0.0006439386825,65481090.2533626,1e-04,1,0.0750651359558105,22.0003128051758,"4_128_3",4,128,3,1908,FALSE,TRUE,4,0.0538669390154878,2,FALSE
"33",1.57597552825,0.56182393594,0.27493794663,2.779144159,0.80901109203,0.32836355227,0.52224877839,0.335508149453,0.38907194833,2.3176130675,0.65277105045,0.1005318908656,1.2015194485,0.320107915856,0.17824704774,2.90559033525,0.63773821578,0.4594563001,0.53878482536,0.928523060850783,0.890413117012402,0.854483023798043,0.0561784756737426,0.070143119769972,0.109037900159466,0.070143119769972,0.179592156978452,0,45191.5682261508,0.0005902058714,65481090.2533626,1e-04,1,0.091965913772583,22.0190668106079,"4_128_4",4,128,4,1909,FALSE,TRUE,1,0.0523943586411308,3,FALSE
"34",2.12731424475,0.79130844602,0.25445957208,2.35193569675,0.84898779026,0.31545095125,0.5069945769225,0.350952388228,0.36882670669,2.6275768885,0.41524584295,0.20851995997,1.09275511825,0.48113203465,0.05510378835,2.8652886885,0.61274918976,0.54451332955,0.54220063343,0.929250181258629,0.873215058055037,0.868817984075567,0.055891999123835,0.0756017285479845,0.105073650195236,0.0756017285479845,0.168885961302934,0,36627.6822673688,0.000459408684,65481090.2533626,1e-04,1,0.0780529975891113,22.0074119567871,"4_128_5",4,128,5,1910,FALSE,TRUE,4,0.0485122418364487,2,FALSE
"35",1.57786885275,0.87736131257,0.22893338448,2.53772236975,0.87362496709,0.30929077852,0.50990898775,0.340999178892,0.39393280918,2.2600953545,0.60312720361,0.15093579013,1.15308017375,0.50161496593,0.09486388695,2.7418699965,0.58785503831,0.486992755,0.57610536611,0.929080170820092,0.898104659202274,0.84826216579296,0.055197701310115,0.0770791768114712,0.111727481109482,0.0770791768114712,0.172933633010577,0,49041.4618366191,0.0006490057268,65481090.2533626,1e-04,1,0.0852649211883545,22.0223648548126,"4_128_8",4,128,8,1913,FALSE,TRUE,5,0.0521105096924389,3,FALSE
"36",2.68566061875,0.39043873566,0.2644714545,2.9707240875,0.77505672277,0.32048202355,0.5194109588475,0.338163020189,0.39646068736,2.3792154245,0.54035224024,0.22544183854,1.394089227,0.38206324168,0.13654913436,2.82213121325,0.6018033214,0.4718797361,0.54623673146,0.928762130619839,0.891581319904377,0.851664442810315,0.0558762380988893,0.0707120055893745,0.110186374131409,0.0707120055893745,0.181406902629415,0,44797.3651461085,0.0005841851637,65481090.2533626,1e-04,1,0.0763061046600342,22.0303828716278,"4_128_12",4,128,12,1917,FALSE,TRUE,3,0.0532478428183002,3,FALSE
"37",1.883358133,0.62630294613,0.28791549558,2.10043459675,0.87214246873,0.31266194533,0.5092941189625,0.336034195764,0.38406522901,2.3328159925,0.66848468566,0.23662485181,0.645965294525,0.40377149524,0.011160131835,2.9055784515,0.59691560955,0.55413280945,0.54053339543,0.929659972849797,0.887754418090378,0.871382354746104,0.0557298974120824,0.0709888954609068,0.102511107513532,0.0709888954609068,0.195914893370354,0,35799.8770896366,0.000446765523,65481090.2533626,1e-04,1,0.079042911529541,22.0462958812714,"4_128_14",4,128,14,1919,TRUE,TRUE,5,0.0536592691201326,3,FALSE
"38",2.47327629725,0.82274335988,0.24435727443,2.2517295325,0.86263606847,0.30172224049,0.5030396357925,0.340855241371,0.39609783613,2.29620862125,0.62069533832,0.121216124119,1.31750622875,0.53700569102,0.05945112297,2.7690482445,0.58448697109,0.53831306845,0.55114291979,0.930345694052335,0.892681027761336,0.864911681777724,0.0552517048187935,0.0703524700187088,0.105151181278806,0.0703524700187088,0.177748097205242,0,36829.5076417405,0.0004624911855,65481090.2533626,1e-04,1,0.0777721405029297,22.1665298938751,"4_129_1",4,129,1,1921,FALSE,TRUE,1,0.0504383235129754,3,FALSE
"39",1.5004484885,0.56100050557,0.27076231203,2.94266837875,0.80959742596,0.31309611262,0.5126435031325,0.34052287834,0.37564082947,2.66062810025,0.57749085511,0.1894001896,0.69851564655,0.50420435742,0.0915086544,2.76502410025,0.58077921571,0.5361276869,0.54732514919,0.93035876904061,0.894564919422821,0.855213668382911,0.0552465188558611,0.0697322477446551,0.108860178182502,0.0697322477446551,0.249112390671153,0,37315.9187944778,0.0004699201974,65481090.2533626,1e-04,1,0.0872368812561035,22.1890649795532,"4_129_7",4,129,7,1927,TRUE,TRUE,3,0.0696084578643721,2,FALSE
"40",1.51871516175,0.53867648546,0.26904916125,2.854300426,0.93410701417,0.34201353505,0.542396694525,0.350131841984,0.38882069008,2.87169572075,0.59284905447,0.22012477555,1.3396204675,0.56324082225,0.23517878979,2.761744893,0.65824173952,0.4695796835,0.54708282815,0.929662545027577,0.89360084620658,0.845171159841741,0.0555219899827371,0.0700503297990367,0.112572209097188,0.0700503297990367,0.201578211254146,0,39102.4303396032,0.0004972057879,65481090.2533626,1e-04,1,0.0844371318817139,22.1895208358765,"4_129_8",4,129,8,1928,FALSE,TRUE,4,0.0587176912561562,2,FALSE
"41",2.34940141775,0.90549372814,0.21460617519,2.94251228625,0.91219241083,0.32570972164,0.5206264927775,0.324063055037,0.39571432825,1.89802979325,0.71776650818,0.23951781274,1.15824001075,0.52411483339,0.11958747954,2.90088509375,0.5905299012,0.5473542708,0.526477286474,0.928742956612915,0.881060960565848,0.844806116103264,0.0565845323547214,0.0737356978750357,0.114076038598853,0.0737356978750357,0.180566340864293,0,42026.9468287283,0.0005418722551,65481090.2533626,1e-04,1,0.0915029048919678,22.2002968788147,"4_129_9",4,129,9,1929,FALSE,TRUE,3,0.0546538004181991,3,FALSE
"42",1.42537186775,0.53589097973,0.26932612146,2.983965754,0.79824054525,0.32231400481,0.536397405625,0.333658487226,0.39084331318,2.26841899175,0.60843608103,0.13208491462,1.27502159225,0.353847444938,0.18034184214,2.8105518995,0.61864250278,0.52845373705,0.54636352601,0.930001332090982,0.894522866157014,0.853544232209139,0.0553881151015654,0.0697461528717949,0.10948597707115,0.0697461528717949,0.193638494682432,0,38194.8179150786,0.0004833437219,65481090.2533626,1e-04,1,0.0800409317016602,22.1929409503937,"4_129_10",4,129,10,1930,FALSE,TRUE,1,0.0557046313054967,3,FALSE
"43",2.61822073,0.5396882299,0.2680888083,2.49414216575,0.83200119679,0.34455973192,0.528837098625,0.332214166523,0.3930072856,2.18788027775,0.6336142467,0.13168480039,1.185624873,0.51770943313,0.11429176503,2.69363771725,0.57771072371,0.51519168625,0.54719641712,0.930248057025085,0.894093401899186,0.861073469224158,0.0552904154412194,0.0698879990269937,0.106634528714788,0.0698879990269937,0.188545001630329,0,38692.7307645685,0.0004909484005,65481090.2533626,1e-04,1,0.0762040615081787,22.1929528713226,"4_129_11",4,129,11,1931,FALSE,TRUE,1,0.0534432285694013,3,FALSE
"44",1.62913906275,0.48116021287,0.28460336508,1.712359077,0.81224774608,0.34017546025,0.5205770553475,0.322519163982,0.37201343599,2.81401669975,0.42874689961,0.24538453522,1.05652168975,0.59565314219,0.09594225069,2.85174284925,0.56972051708,0.57088952245,0.54702442301,0.929518133966032,0.885317640332796,0.874345651385194,0.0555789573429174,0.0727259507395061,0.101413091030299,0.0727259507395061,0.193392119691928,0,35243.3146071367,0.000438265082,65481090.2533626,1e-04,1,0.081618070602417,22.2034440040588,"4_129_12",4,129,12,1932,FALSE,TRUE,5,0.0526486212880255,2,FALSE
"45",1.50518785575,0.77940323963,0.29699884116,2.71144393875,0.78561000775,0.29959537018,0.533013853625,0.325584751241,0.39090022789,2.758363509,0.58524207642,0.25151174728,1.15233537075,0.66460020989,0.10571382951,2.36748592225,0.56012443576,0.4263010353,0.54929040869,0.929898270868467,0.893498729185705,0.856614072181369,0.0554288749289975,0.0700839372817982,0.108332439732815,0.0700839372817982,0.230204922540255,0,47415.5822725584,0.0006241734865,65481090.2533626,1e-04,1,0.0751919746398926,22.2043738365173,"4_129_13",4,129,13,1933,FALSE,TRUE,5,0.0643671482494056,2,FALSE
"46",1.81003712175,0.75913861343,0.24809440983,2.26274675825,0.84497077733,0.29346490603,0.501472708459,0.341090427686,0.39134997346,2.50155185175,0.48836365471,0.28288522273,1.5037532805,0.38623754867,0.12745248834,2.61871734525,0.67846740211,0.52978319435,0.55022242748,0.929071169910507,0.887315484943539,0.863591243484787,0.0557549071162593,0.0720896998516469,0.105663838498528,0.0720896998516469,0.18417461347883,0,38752.3635174712,0.0004918591782,65481090.2533626,1e-04,1,0.0786330699920654,22.3304100036621,"4_130_1",4,130,1,1936,FALSE,TRUE,4,0.0520726674993578,3,FALSE
"47",1.51164222625,0.52755759306,0.27337379289,2.56849665925,0.80432777927,0.32279206471,0.5138267439675,0.350300126233,0.39830215051,2.08712798875,0.58880592454,0.14582112688,1.02567695575,0.365976162399,0.03921553626,2.957553655,0.57565449198,0.538339236,0.54269983856,0.92957294566886,0.877052909087694,0.871014539984652,0.0557643622597407,0.0744486823747681,0.104190242249103,0.0744486823747681,0.166654609438072,0,38078.9328009569,0.0004815737956,65481090.2533626,1e-04,1,0.0760290622711182,22.3304109573364,"4_130_2",4,130,2,1937,FALSE,TRUE,2,0.0476849419792332,3,FALSE
"48",1.10430270475,0.47162607994,0.25684284486,2.52286118,0.73820763042,0.3368924761,0.532770410275,0.33712570225,0.39450455716,1.99085602375,0.63001251619,0.18418608436,0.78968655,0.85905746673,0.16951652607,2.7262873335,0.5758346689,0.43583550645,0.55065574136,0.928796098475151,0.891179416705093,0.863186374009233,0.0558629149724846,0.0708429474741498,0.10582053066234,0.0708429474741498,0.185931735442983,0,48709.6994310515,0.0006439386825,65481090.2533626,1e-04,1,0.0789289474487305,22.3357899188995,"4_130_3",4,130,3,1938,FALSE,TRUE,4,0.0525325551517147,2,FALSE
"49",1.57597552825,0.56182393594,0.27493794663,2.779144159,0.80901109203,0.32836355227,0.52224877839,0.335508149453,0.38907194833,2.26455896125,0.59677461912,0.13901221915,1.33455270275,0.48591411524,0.1038934914,2.7421726485,0.63773821578,0.4594563001,0.53878482536,0.928489264355715,0.890056466197192,0.852054201569861,0.0561917555596636,0.0702571675422541,0.10994410961316,0.0702571675422541,0.230232836795897,0,45191.5682261508,0.0005902058714,65481090.2533626,1e-04,1,0.0832011699676514,22.3424859046936,"4_130_4",4,130,4,1939,FALSE,TRUE,6,0.0649016164441055,3,FALSE
"50",2.60701658325,0.87528726346,0.2627991174,1.6034860615,0.92500882108,0.29169440041,0.5050632563975,0.340163765992,0.37002860425,2.758981856,0.56451341644,0.17321646814,0.9904221895,0.44919207555,0.03781757595,2.93725614475,0.60678357535,0.5762808118,0.53753703404,0.929898393458655,0.877421749532878,0.881602413032231,0.0558508544058507,0.0749629751238754,0.0997317661353766,0.0749629751238754,0.162638846186812,0,33727.4210646369,0.0004151126705,65481090.2533626,1e-04,1,0.0876359939575195,22.3507928848267,"4_130_6",4,130,6,1941,FALSE,TRUE,2,0.0450102775349313,3,TRUE
"51",1.57786885275,0.87736131257,0.22893338448,2.53772236975,0.87362496709,0.30929077852,0.50990898775,0.341304865931,0.38671602985,2.51796820975,0.56564861309,0.1662005572,1.062264872,0.65195110069,0.03270974199,2.74890076175,0.55250249955,0.486992755,0.57610536611,0.929325489614938,0.898546743332988,0.849188251498525,0.0551021514197306,0.0769117868157176,0.111386011954613,0.0769117868157176,0.183168065424156,0,49041.4618366191,0.0006490057268,65481090.2533626,1e-04,1,0.0874431133270264,22.3568098545074,"4_130_8",4,130,8,1943,FALSE,TRUE,6,0.0541104336536604,3,FALSE
"52",1.68510953825,0.49413800378,0.29025316431,1.48898385425,0.8936375172,0.35280583393,0.54653023775,0.330429921865,0.37112863744,2.65553687725,0.45843190531,0.26173043137,0.9576719545,0.37308645708,0.17269206837,2.719897507,0.63022700613,0.4680584283,0.521897038901,0.928697027628665,0.868458735718725,0.881953901023825,0.0568569791850227,0.0800703633485633,0.0999689690044839,0.0800703633485633,0.161165128917858,0,39061.2189735344,0.0004965763621,65481090.2533626,1e-04,1,0.0770478248596191,22.3508508205414,"4_130_9",4,130,9,1944,FALSE,TRUE,2,0.0448030155811696,2,TRUE
"53",2.4712482105,0.55701117316,0.27205414575,2.41540065175,0.84002945115,0.33818017459,0.524928502685,0.332978172374,0.37788594724,2.60384086975,0.58835467759,0.1493325157,0.9235742665,0.47263735916,0.05419277553,2.887200544,0.59691560955,0.5229799109,0.54586381277,0.929965962424877,0.893417407210157,0.864521212549474,0.0554021068801582,0.0701106894352185,0.105303039983027,0.0701106894352185,0.2096648210828,0,38114.1600295821,0.000482111825,65481090.2533626,1e-04,1,0.0814058780670166,22.3783159255981,"4_130_14",4,130,14,1949,TRUE,TRUE,5,0.0580570556159834,3,FALSE
"54",1.8568323425,0.5917771864,0.28883178507,1.9315167065,0.85621115354,0.3193933591,0.511630043105,0.33284975491,0.37634112679,2.94262196625,0.56832217559,0.19582185757,0.99297650925,0.54173957276,0.07053100239,2.83539529275,0.60074646539,0.5413735318,0.55973661332,0.930911124225025,0.890780625879384,0.877323395885769,0.0548900578257074,0.0755445337415429,0.101946387446672,0.0755445337415429,0.192767329593238,0,34341.1328702984,0.0004244859595,65481090.2533626,1e-04,1,0.0740740299224854,22.3783178329468,"4_130_15",4,130,15,1950,TRUE,TRUE,6,0.0526900685070823,2,FALSE
"55",2.46265784525,0.7208755131,0.27509551899,1.9607323915,0.8613713847,0.31580931754,0.50480601055,0.338817866325,0.3922555063,2.2141975265,0.6209175851,0.14071943419,1.18784699925,0.55417063245,0.07989706104,2.81027842025,0.58653648765,0.5613809796,0.57155052458,0.930385164084392,0.899684885932634,0.866820613410299,0.0546874978806013,0.0764791566781853,0.104672253047805,0.0764791566781853,0.144159612466653,0,35020.825925586,0.0004348669875,65481090.2533626,1e-04,1,0.0770518779754639,22.504124879837,"4_131_2",4,131,2,1952,FALSE,TRUE,1,0.0436696139131138,3,FALSE
"56",1.91597505775,0.69360041189,0.23442415251,2.920931363,0.81780871877,0.31750214698,0.542396694525,0.350131841984,0.38882069008,2.87169572075,0.59284905447,0.22012477555,1.3396204675,0.56324082225,0.23517878979,2.761744893,0.65824173952,0.4695796835,0.54708282815,0.929723356838742,0.893806399142942,0.84886640246223,0.0554979834070715,0.0699826318353267,0.11122073700571,0.0699826318353267,0.192291490289405,0,39102.4303396032,0.0004972057879,65481090.2533626,1e-04,1,0.0876619815826416,22.5293838977814,"4_131_8",4,131,8,1958,FALSE,TRUE,3,0.0560635375363526,2,FALSE
"57",2.27239015725,0.78226564939,0.2520311631,1.91517131125,0.8828114726,0.31717612585,0.50546884153,0.34123585025,0.39357147088,2.3641549035,0.61580179911,0.1303517428,1.296906312,0.49234906229,0.05155472679,2.7945808825,0.57718716571,0.5809659674,0.56265149285,0.930857259319601,0.891778491682949,0.874729496650163,0.0549114510795402,0.0751986414467301,0.103018537298371,0.0751986414467301,0.161355928984696,0,34067.6412293029,0.0004203088911,65481090.2533626,1e-04,1,0.0815250873565674,22.5566499233246,"4_131_14",4,131,14,1964,FALSE,TRUE,1,0.0461175882113497,3,FALSE
"58",2.075697674,0.85315837066,0.25422585999,0.5592019649,0.77105437722,0.33338836501,0.5065948663425,0.321228294535,0.35541564979,2.55227468525,0.43458906279,0.115148340931,0.86423269675,0.45797553373,0.06080206893,2.8941453075,0.58210038444,0.5416003323,0.54376229648,0.929249684489769,0.863698242191614,0.88168290741918,0.0558921953459345,0.0783878252128203,0.0997884814988449,0.0783878252128203,0.16558268709347,0,38247.0742013042,0.000484141838,65481090.2533626,1e-04,1,0.0777571201324463,22.5667798519135,"4_131_15",4,131,15,1965,FALSE,TRUE,5,0.0456536412847383,2,FALSE
"59",1.51164222625,0.52755759306,0.27337379289,2.56849665925,0.80432777927,0.32279206471,0.5138267439675,0.350300126233,0.39830215051,2.29236814425,0.6339571802,0.1158096388,1.26732768075,0.48024932205,0.03652271973,2.84672971175,0.57961384283,0.5754636719,0.55866116198,0.930866370001111,0.894277779856074,0.86863775831517,0.0549078332216261,0.0743252434964578,0.105493631714973,0.0743252434964578,0.17405556457346,0,34869.8995436337,0.000432561872,65481090.2533626,1e-04,1,0.077197790145874,22.6843988895416,"4_132_2",4,132,2,1967,FALSE,TRUE,3,0.0497747981359171,3,FALSE
"60",1.36115803525,0.5230379998,0.26722488402,2.83734241125,0.75060147818,0.33239993356,0.52791304745,0.335988053472,0.39440300809,2.23621964175,0.63450476976,0.1009962353884,1.22751888325,0.58052918565,0.11471155602,2.6867577735,0.57326692757,0.50690704015,0.54722196908,0.930199698365558,0.895259844136359,0.858989517761628,0.055309578399226,0.0695020645160121,0.107431331248868,0.0695020645160121,0.2082970174803,0,40297.7942169637,0.000515462714,65481090.2533626,1e-04,1,0.0785140991210938,22.6876368522644,"4_132_3",4,132,3,1968,FALSE,TRUE,1,0.058459457975135,3,FALSE
"61",2.12731424475,0.81645637715,0.24637773396,2.2717707655,0.8599064128,0.30446798266,0.50383062402,0.342874670741,0.36882670669,2.6275768885,0.41524584295,0.20851995997,1.09275511825,0.48113203465,0.05510378835,2.8652886885,0.61274918976,0.54451332955,0.54220063343,0.929252694689768,0.872717003771067,0.870036114300938,0.0558910063160712,0.0757500776242444,0.104584665839372,0.0757500776242444,0.166838371114416,0,36627.6822673688,0.000459408684,65481090.2533626,1e-04,1,0.0816378593444824,22.6950588226318,"4_132_5",4,132,5,1970,FALSE,TRUE,4,0.0478864110520076,2,FALSE
"62",2.68566061875,0.39043873566,0.2644714545,2.858248681,0.78122205327,0.32871172819,0.5274489995,0.329947624441,0.38572917376,2.97280226475,0.65078591541,0.25894587535,1.37586586975,0.59289809976,0.07798824114,2.60622856825,0.56370997205,0.5533655623,0.54623673146,0.930920149154919,0.894752647795573,0.85971962157515,0.0550233963490149,0.0696701405524185,0.107152849054572,0.0696701405524185,0.237892636610432,0,34307.8613335098,0.0004239777996,65481090.2533626,1e-04,1,0.0845820903778076,22.7242388725281,"4_132_12",4,132,12,1977,FALSE,TRUE,2,0.0660382188010353,3,FALSE
"63",2.46265784525,0.7208755131,0.27509551899,2.27569844675,0.82925836719,0.34132754683,0.52044039427,0.335761842935,0.395647423,1.881429053,0.65712524043,0.126601261918,1.3974874845,0.59022829157,0.12797625264,2.65542815875,0.57117257902,0.53022808105,0.57155052458,0.930840022605037,0.901975756211573,0.858957133339446,0.0545085429182653,0.0756008459327342,0.107718086593443,0.0756008459327342,0.16900815228486,0,35020.825925586,0.0004348669875,65481090.2533626,1e-04,1,0.0769979953765869,22.8501019477844,"4_133_2",4,133,2,1982,FALSE,TRUE,4,0.0496355656044207,3,FALSE
"64",1.61543737525,0.41432480416,0.28283181042,1.66919977875,0.88407605004,0.34519916563,0.53496598165,0.353485286176,0.36866155183,2.39351484675,0.62041409547,0.109320302713,1.12929152,0.50535047981,0.05908424019,2.93192152675,0.51434287637,0.3674308773,0.54880118105,0.928474697755825,0.888140630764738,0.870478049322826,0.0559888502485975,0.0718252721673965,0.102961994484745,0.0718252721673965,0.19455981568107,0,52137.9116252726,0.0006962981505,65481090.2533626,1e-04,1,0.0774960517883301,22.8546569347382,"4_133_4",4,133,4,1984,FALSE,TRUE,5,0.0534928024587287,2,FALSE
"65",1.8627927575,0.63663273749,0.28980299391,2.23964923075,0.81973013554,0.32439063727,0.507018035435,0.330470556081,0.36494075977,2.476187916,0.6788810347,0.25249209736,1.149919508,0.50682656414,0.13580804319,2.845351288,0.6096173444,0.4604504824,0.53831567027,0.929200310596505,0.880131551881474,0.871950496438663,0.0561282513375758,0.0741297518987505,0.103717259719209,0.0741297518987505,0.1675334018322,0,39109.1796125464,0.0004973088703,65481090.2533626,1e-04,1,0.0838470458984375,22.8652048110962,"4_133_6",4,133,6,1986,FALSE,TRUE,2,0.0476716547096734,2,FALSE
"66",1.52349250575,0.56743286619,0.26234572767,2.97135887575,0.80215417994,0.32135163325,0.5375972634,0.336953158179,0.39043878856,2.3890743375,0.60531867576,0.1496928868,1.28794136725,0.39572612042,0.19130923167,2.80079049825,0.62656235017,0.51667892635,0.54708282815,0.929840697683261,0.894338335981852,0.852745878129457,0.0554516315854268,0.069807135973938,0.109783984386858,0.069807135973938,0.190299023617196,0,39102.4303396032,0.0004972057879,65481090.2533626,1e-04,1,0.0851788520812988,22.8739478588104,"4_133_8",4,133,8,1988,FALSE,TRUE,1,0.0550557351867245,3,FALSE
"67",2.9841863475,0.89126072607,0.26932612146,2.983965754,0.79824054525,0.32231400481,0.5210300915475,0.337936160766,0.39646402339,2.25129543475,0.58277551134,0.14863230124,1.3678110165,0.5273656651,0.0853051023,2.70131822675,0.58757368206,0.6140426729,0.57885674387,0.932269125122374,0.910239032098164,0.829870381675913,0.054183865098466,0.0748121758708854,0.117966637664123,0.0748121758708854,0.191862825105014,0,30671.5019359748,0.0003684392761,65481090.2533626,1e-04,1,0.092864990234375,22.8897860050201,"4_133_10",4,133,10,1990,FALSE,TRUE,5,0.0586337802356588,3,FALSE
"68",2.61822073,0.5396882299,0.2680888083,2.49414216575,0.83200119679,0.33342446743,0.528837098625,0.332214166523,0.3930072856,2.18788027775,0.6336142467,0.13168480039,1.185624873,0.51770943313,0.11429176503,2.69363771725,0.57771072371,0.51519168625,0.54719641712,0.930253657936584,0.893958796211412,0.861457858286884,0.0552881955536636,0.0699323982197812,0.106486905585034,0.0699323982197812,0.189288969534526,0,38692.7307645685,0.0004909484005,65481090.2533626,1e-04,1,0.078956127166748,22.8807349205017,"4_133_11",4,133,11,1991,FALSE,TRUE,2,0.0535581765996375,3,FALSE
"69",1.489336141,0.56768004375,0.27055616793,2.71912842,0.95790562327,0.31452713515,0.527649920175,0.34542569913,0.39205439002,2.170102166,0.62200290899,0.118029796627,1.2476802135,0.37771567468,0.15094847982,2.83978894225,0.61621908899,0.52139375075,0.54649570541,0.929778639814196,0.893503012763742,0.85155906291507,0.0554761504257906,0.070082527847756,0.110225506242685,0.070082527847756,0.184342426574245,0,39547.1182201114,0.0005039975556,65481090.2533626,1e-04,1,0.0831389427185059,22.8898069858551,"4_133_12",4,133,12,1992,FALSE,TRUE,1,0.0539015481775209,3,FALSE
"70",1.928207006,0.67766936984,0.29699884116,2.71144393875,0.78561000775,0.29959537018,0.533013853625,0.325584751241,0.39090022789,2.674100658,0.62320013285,0.144525943,0.91052477225,0.48403830606,0.06282115083,2.85928836825,0.60483394515,0.47336850505,0.53622183755,0.929154368832707,0.88281414742864,0.866699295668579,0.0561464591341477,0.0732955650482079,0.105822570450547,0.0732955650482079,0.198170341857345,0,43720.4183750787,0.0005677368353,65481090.2533626,1e-04,1,0.0745368003845215,22.8883049488068,"4_133_13",4,133,13,1993,TRUE,TRUE,6,0.0554062724789586,3,FALSE
"71",2.27239015725,0.78226564939,0.2520311631,1.91517131125,0.8828114726,0.31717612585,0.50546884153,0.34123585025,0.39357147088,2.3641549035,0.61580179911,0.1303517428,1.296906312,0.49234906229,0.05155472679,2.775026608,0.57718716571,0.5809659674,0.56265149285,0.930881950709383,0.89180962292894,0.874720203403736,0.0549016455591378,0.0751878247624037,0.103022358464859,0.0751878247624037,0.163046296849582,0,34067.6412293029,0.0004203088911,65481090.2533626,1e-04,1,0.0771348476409912,22.8980739116669,"4_133_14",4,133,14,1994,FALSE,TRUE,3,0.0464601519041069,3,FALSE
"72",2.075697674,0.85315837066,0.25422585999,0.5592019649,0.77105437722,0.33338836501,0.5210613605675,0.332956665567,0.38031959644,2.41890241675,0.60521982155,0.110763675817,1.11758216475,0.311956136423,0.06080206893,2.8941453075,0.58210038444,0.5416003323,0.54376229648,0.929562803143297,0.864997190517794,0.881607505895608,0.0557683775569386,0.0780134151987816,0.0998202732078665,0.0780134151987816,0.166808851146141,0,38247.0742013042,0.000484141838,65481090.2533626,1e-04,1,0.0666429996490479,22.9011600017548,"4_133_15",4,133,15,1995,FALSE,TRUE,5,0.0459284755935484,3,FALSE
"73",0.81614849525,0.357575540981,0.28932870921,2.6451523665,0.76062558122,0.34406706646,0.549894880475,0.332386482891,0.38454471028,2.39190564025,0.64046972036,0.123313301023,1.17786755925,0.39291574061,0.2837335347,2.93098413825,0.63773821578,0.4594563001,0.53878482536,0.928551544069122,0.889843524122896,0.855262636447495,0.0561672811314762,0.0703251727690688,0.108745420574052,0.0703251727690688,0.220886663410201,0,45191.5682261508,0.0005902058714,65481090.2533626,1e-04,1,0.0810909271240234,23.0279619693756,"4_134_4",4,134,4,1999,FALSE,TRUE,6,0.0620859239801573,2,FALSE
"74",2.12731424475,0.79130844602,0.25445957208,2.35193569675,0.84898779026,0.31545095125,0.5069945769225,0.350952388228,0.36882670669,2.6275768885,0.41524584295,0.20851995997,1.09275511825,0.42653925641,0.18042489345,2.8652886885,0.61274918976,0.54451332955,0.54220063343,0.929192488459313,0.872858934659387,0.867932039316168,0.0559147829899115,0.0757078320968176,0.105427863409771,0.0757078320968176,0.189428882264289,0,36627.6822673688,0.000459408684,65481090.2533626,1e-04,1,0.0800518989562988,23.0283010005951,"4_134_5",4,134,5,2000,FALSE,TRUE,5,0.0531886366947195,2,FALSE
"75",2.757634578,0.90932500398,0.23101651518,2.197166336,0.85621698097,0.3057538459,0.50990898775,0.340999178892,0.39393280918,2.2600953545,0.60312720361,0.15093579013,1.15308017375,0.50161496593,0.09486388695,2.7418699965,0.58785503831,0.486992755,0.57610536611,0.929178910507029,0.898234677943648,0.855436187610186,0.055159262821379,0.0770299844909035,0.109054317373939,0.0770299844909035,0.133491720983422,0,49041.4618366191,0.0006490057268,65481090.2533626,1e-04,1,0.0779850482940674,23.0337560176849,"4_134_8",4,134,8,2003,FALSE,TRUE,1,0.0440823269860015,3,FALSE
"76",2.30714818375,0.67552801118,0.29025316431,1.48898385425,0.8936375172,0.35280583393,0.54653023775,0.335028614327,0.38634658462,2.37790216225,0.6650878651,0.111785527873,1.18795639125,0.57324248217,0.10185957597,2.75137541975,0.59254137948,0.53969341855,0.56161982744,0.930868274291726,0.889085777381146,0.877632478331662,0.0549070769963887,0.0761284211928814,0.101817880013529,0.0761284211928814,0.175625067453571,0,35828.9045338662,0.0004472088624,65481090.2533626,1e-04,1,0.0827469825744629,23.0427119731903,"4_134_9",4,134,9,2004,FALSE,TRUE,5,0.0486522143752037,3,FALSE
"77",1.30493389925,0.50613683153,0.27427532187,2.64524593025,0.92561896684,0.32850513076,0.5290086237,0.345295967381,0.38744206612,2.9574421945,0.61177903099,0.14314367878,1.2411242565,0.42515475665,0.14175128586,2.7640536485,0.6153398367,0.5428275173,0.55559753858,0.930987966740009,0.894832451609114,0.854838540664857,0.0550504857058625,0.0706826600651814,0.109095272226856,0.0706826600651814,0.209538366472219,0,38717.143235695,0.0004913212549,65481090.2533626,1e-04,1,0.0875020027160645,23.0543019771576,"4_134_11",4,134,11,2006,FALSE,TRUE,5,0.0593564065828256,2,FALSE
"78",1.883358133,0.65153645527,0.28233118053,2.090349094,0.87527337651,0.31189204807,0.51025400519,0.338669932525,0.37756232755,2.70036514625,0.58586075336,0.16341889345,0.9339100865,0.47263735916,0.05419277553,2.887200544,0.59691560955,0.55413280945,0.54053339543,0.929869305250568,0.889209893566299,0.871153037931805,0.0556469093453252,0.0705271413008519,0.102602452102363,0.0705271413008519,0.162174199763093,0,35799.8770896366,0.000446765523,65481090.2533626,1e-04,1,0.0827398300170898,23.0663688182831,"4_134_14",4,134,14,2009,FALSE,TRUE,1,0.0461074955917168,3,FALSE
"79",1.8568323425,0.5917771864,0.28883178507,1.9315167065,0.85621115354,0.3193933591,0.5230600057225,0.317993174528,0.37224885409,2.898581673,0.51442533847,0.35228224294,1.27193984975,0.79044985269,0.14253776079,2.65797400825,0.62401302486,0.5487624481,0.55973661332,0.930909724188842,0.8876563898412,0.874002314321148,0.0548906139765845,0.0766173966603023,0.103317110611134,0.0766173966603023,0.187177846966755,0,29317.4010679382,0.0003477579422,65481090.2533626,1e-04,1,0.069080114364624,23.0570058822632,"4_134_15",4,134,15,2010,FALSE,TRUE,6,0.0518672879814286,2,FALSE
"80",1.97470098225,0.81274421884,0.16290211191,1.603636067,0.78137688879,0.38882120149,0.50139980942775,0.75731701428,0.38137682101,2.077675955,0.313729879681,0.31015505185,1.0871557845,0.314043030372,0.28298983911,2.5796394755,0.80253932687,0.52047864215,0.63048590162,0.934710922769825,0.805174639488156,0.97710579583438,0.0572719285300249,0.108183056379893,0.0404181006530363,0.108183056379893,0.104837310127456,0,51926.8512304177,0.0006930746015,65481090.2533626,1e-04,1,0.0731921195983887,16.4436740875244,"5_95_3",5,95,3,1413,TRUE,TRUE,6,0.0096126947728693,1,FALSE
"81",2.8948888745,0.88547030486,0.16290211191,1.603636067,0.78137688879,0.38882120149,0.50139980942775,0.75731701428,0.38137682101,2.077675955,0.313729879681,0.31015505185,1.0871557845,0.314043030372,0.28298983911,2.5796394755,0.80253932687,0.52047864215,0.63124371737,0.928614803042652,0.804701118670401,0.972125261628822,0.0601908093005899,0.108441917102529,0.0461962648914255,0.108441917102529,0.0903924611491238,0,66333.1189426336,0.0009131031384,65481090.2533626,1e-04,1,0.116563081741333,16.8535151481628,"5_97_3",5,97,3,1443,FALSE,TRUE,3,0.00800514505454172,1,FALSE
"82",2.708096642,0.90511789107,0.07425144837,2.2655790025,0.89752089971,0.3856401874,0.50085163226525,0.8079708123,0.3732174535,2.362612434,0.40567012995,0.3649516072,1.00561144375,0.49719296618,0.27816894798,2.6006227855,0.73785355453,0.53390350775,0.62918915375,0.929533174987516,0.815385506483445,0.969083698114124,0.0598023779972656,0.105845880173393,0.0472075492066484,0.105845880173393,0.116121699578991,0,63242.6351615231,0.0008659018342,65481090.2533626,1e-04,1,0.0737349987030029,18.8490521907806,"5_108_1",5,108,1,1606,FALSE,TRUE,6,0.0146162725504288,1,FALSE
"83",2.25867294675,0.76353947024,0.13490231553,1.20577954325,0.78632214449,0.39912413944,0.5175524636975,0.54881290616,0.39278706628,1.934982643,0.331052188356,0.3244400776,1.06122021475,0.41274084976,0.11944673031,2.553199741,0.79517028463,0.52824498105,0.62947082495,0.930182856435541,0.810681770026531,0.972586027434291,0.0595260602930418,0.107185806435913,0.0444532657387964,0.107185806435913,0.0925668212438405,0,54554.0360055105,0.0007331998882,65481090.2533626,1e-04,1,0.0728938579559326,19.003121137619,"5_109_1",5,109,1,1621,FALSE,TRUE,3,0.00764260867541272,1,FALSE
"84",2.25867294675,0.76353947024,0.13490231553,1.20577954325,0.78632214449,0.39912413944,0.5175524636975,0.54881290616,0.39278706628,1.934982643,0.331052188356,0.3244400776,1.06122021475,0.41274084976,0.11944673031,2.553199741,0.79517028463,0.52824498105,0.62947082495,0.930182856435541,0.810681770026531,0.972586027434291,0.0595260602930418,0.107185806435913,0.0444532657387964,0.107185806435913,0.0925668212438405,0,54554.0360055105,0.0007331998882,65481090.2533626,1e-04,1,0.0874230861663818,19.3362641334534,"5_111_1",5,111,1,1651,FALSE,TRUE,3,0.00764260867541272,NA,NA
"85",2.4231755755,0.78410819324,0.04072977951,1.84499852125,0.96472356657,0.39870736441,0.5516498601,0.52235019289,0.39579562294,1.7907043195,0.40824124542,0.1016479709215,0.604694324325,0.88113846742,0.25195090884,2.8720829275,0.75932254543,0.53100359805,0.6303045191,0.931306912482449,0.817805824296721,0.969860917859903,0.0590449310894556,0.10514976511368,0.0466103856080437,0.10514976511368,0.154961938139981,0,57887.8026327707,0.0007841168785,65481090.2533626,1e-04,1,0.0728259086608887,19.5011460781097,"5_112_10",5,112,10,1675,TRUE,TRUE,5,0.0265164029093992,4,FALSE
"86",2.7507226695,0.8641729205,0.07380820446,2.1189957635,0.91353170669,0.39836066098,0.609620094425,0.368385960804,0.3969332293,1.94148355175,0.329716533763,0.17541826102,0.5379749102,0.98158211457,0.22287541134,2.72920688425,0.7432895852,0.5254434982,0.63012787688,0.930177294268733,0.818852591761641,0.967422502449434,0.0595284313960817,0.10484726943286,0.0484592340328606,0.10484726943286,0.161670647384083,0,62958.4575383583,0.0008615615576,65481090.2533626,1e-04,1,0.0762548446655273,19.9784481525421,"5_115_8",5,115,8,1718,TRUE,TRUE,4,0.028939819771475,4,FALSE
"87",2.55054567475,0.81106329834,0.11411093649,1.95384076125,0.88702484883,0.38679903412,0.50631551113,0.75263563044,0.37801331257,2.28746023475,0.41857931715,0.38591133034,1.259582735,0.3999108117,0.015891475446,2.50147035775,0.70582512908,0.54044438095,0.62901677612,0.931141668257966,0.813142332680484,0.973671040654952,0.0591159060130191,0.10648698320745,0.0435646803461925,0.10648698320745,0.116039263397174,0,52570.307681896,0.0007029021838,65481090.2533626,1e-04,1,0.0690629482269287,20.0111510753632,"5_115_15",5,115,15,1725,FALSE,TRUE,6,0.0137062000992362,1,FALSE
"88",2.573701864,0.82173802786,0.14291417538,1.4970323145,0.77306570178,0.39889437928,0.5712921441,0.41669215873,0.3949533202,2.0668669085,0.365996026866,0.36729966904,1.058918779,0.47380809292,0.08311940856,2.41259064675,0.77825275477,0.52365529595,0.6293278427,0.92958370291461,0.811650433912257,0.971640177694028,0.0597809336363084,0.106911241829222,0.0452136364025071,0.106911241829222,0.109006969719286,0,60650.4029558987,0.000826310382,65481090.2533626,1e-04,1,0.0741019248962402,20.3155710697174,"5_117_11",5,117,11,1751,FALSE,TRUE,6,0.0120408887112791,1,FALSE
"89",2.7516546665,0.99133854363,0.022782006441,1.92863160725,0.87677265737,0.38281975435,0.59350846615,0.368385960804,0.39234384373,2.0624735215,0.6426118066,0.17933572348,0.585510547125,0.49220320553,0.06798956751,2.510685809,0.81862377931,0.5221766689,0.62904869339,0.930960514941892,0.818490623548846,0.969271139291774,0.0591936163497128,0.104951969907012,0.0470642252820368,0.104951969907012,0.16399372538281,0,68213.4836934423,0.0009418221594,65481090.2533626,1e-04,1,0.085561990737915,20.6396272182465,"5_119_8",5,119,8,1778,TRUE,TRUE,6,0.0294919401605118,4,FALSE
"90",2.708096642,0.90511789107,0.07425144837,2.2655790025,0.89752089971,0.3856401874,0.50085163226525,0.8079708123,0.3732174535,2.4074044425,0.43711874302,0.3649516072,1.20878847675,0.41936724254,0.06834696996,2.52130084325,0.71223081417,0.5391362063,0.62905125164,0.93120192759376,0.816515321489564,0.971880406314311,0.0590900335816123,0.105521502096946,0.0450217327161284,0.105521502096946,0.118767741667235,0,54704.7731791309,0.0007355021139,65481090.2533626,1e-04,1,0.121099948883057,20.8644812107086,"5_120_1",5,120,1,1786,FALSE,TRUE,6,0.0148549504562935,1,FALSE
"91",2.708096642,0.90511789107,0.12277214211,1.41773943525,0.80856189552,0.39642734902,0.50085163226525,0.8079708123,0.3732174535,2.4074044425,0.43711874302,0.3649516072,1.20878847675,0.41936724254,0.06834696996,2.52130084325,0.71223081417,0.5391362063,0.62905125164,0.931030887380916,0.814431997453248,0.972634952057218,0.0591634404206687,0.106118868008932,0.0444135810402016,0.106118868008932,0.105183310206486,0,54704.7731791309,0.0007355021139,65481090.2533626,1e-04,1,0.119803905487061,21.2809710502625,"5_122_1",5,122,1,1816,FALSE,TRUE,3,0.010741084994771,1,FALSE
"92",2.84633560375,0.93083507053,0.021725001468,2.687016532,0.98739691741,0.39380677972,0.576803533825,0.344380117481,0.39400876843,1.83427043,0.4053544016,0.16836041467,0.908791127,0.68291376081,0.18825056853,2.91533698975,0.74622575858,0.5305926314,0.62965189214,0.929498999568284,0.82134376792767,0.957276061867547,0.0598168778956133,0.10412383307662,0.0554949319985724,0.10412383307662,0.124522781810644,0,69283.9289210065,0.000958171189,65481090.2533626,1e-04,1,0.122354984283447,21.7041890621185,"5_124_9",5,124,9,1854,FALSE,TRUE,1,0.0194029876961008,4,FALSE
"93",2.92009218275,0.92986818573,0.0496852728,2.1361763305,0.90916391529,0.39140223904,0.5098605810725,0.82707658199,0.36655647385,2.56983820025,0.38910651652,0.37195652905,1.17876240375,0.48541130118,0.16371463431,2.53102229925,0.67275017906,0.5419869492,0.62885929676,0.930181059609026,0.816706428779412,0.970011622382335,0.0595268262747897,0.105466535158807,0.0464937065579113,0.105466535158807,0.130824255977862,0,61245.6781649901,0.0008354020868,65481090.2533626,1e-04,1,0.114789962768555,21.7041962146759,"5_124_11",5,124,11,1856,FALSE,TRUE,6,0.0188562648602374,1,FALSE
"94",2.60764026625,0.96387735498,0.027239946489,2.18297093925,0.94978622058,0.39402488182,0.58900350175,0.47818708887,0.39676136689,1.90520200825,0.38259939562,0.21482778949,0.629536695275,0.50228157796,0.11767410927,2.5794395415,0.81017053108,0.5264962236,0.62915910053,0.929270463904293,0.818898343369235,0.965281024538862,0.0599137504886196,0.104834028188896,0.0500266170127594,0.104834028188896,0.165791677547061,0,69537.1007866508,0.0009620379112,65481090.2533626,1e-04,1,0.105463027954102,21.7238900661469,"5_124_15",5,124,15,1860,TRUE,TRUE,6,0.0304963058987057,4,FALSE
"95",2.62340232225,0.87623013826,0.03295955073,2.85051749225,0.97940791002,0.37914770995,0.5120475254075,0.75682261562,0.37743573202,2.2022406705,0.48333778281,0.113539957327,0.62398245215,0.84649155267,0.16834269171,2.71520338975,0.74886436035,0.53280769635,0.62946290066,0.931004334844522,0.820677185611639,0.959240704130082,0.0591748280416974,0.104317899873157,0.0542039606367958,0.104317899873157,0.163173199366616,0,67736.9584174217,0.0009345441356,65481090.2533626,1e-04,1,0.072019100189209,22.0301661491394,"5_126_8",5,126,8,1883,TRUE,TRUE,5,0.030400117980689,4,FALSE
"96",2.7353831775,0.89819869942,0.04059356283,2.41633789325,0.98334286699,0.39405276868,0.5717727991,0.56277132896,0.37991611087,1.7907043195,0.40824124542,0.1016479709215,0.9699150365,0.50642037325,0.14594756601,2.6169763785,0.78800073679,0.530233446,0.62964902648,0.930562865652105,0.820745691143466,0.962534984689317,0.0593638414255227,0.104297972024368,0.0519673584781279,0.104297972024368,0.148251186859077,0,66471.300999593,0.0009152136084,65481090.2533626,1e-04,1,0.0733401775360107,22.0375971794128,"5_126_10",5,126,10,1885,FALSE,TRUE,2,0.0253411933718598,4,FALSE
"97",2.9397168685,0.77080074244,0.21704217849,2.047641562,0.70177702236,0.39348890905,0.5398761386,0.369853572964,0.39238052977,1.6117806365,0.30115340764,0.30280849102,0.77853526625,0.74176847232,0.20558876052,2.79495292525,0.7660349911,0.52115462065,0.63184089254,0.927835355211495,0.802679500444999,0.972681051886122,0.0605185258687461,0.109001735320694,0.0457333957815983,0.109001735320694,0.101707915978322,0,68300.7008447606,0.0009431542367,65481090.2533626,1e-04,1,0.0761721134185791,22.0540971755981,"5_126_13",5,126,13,1888,FALSE,TRUE,6,0.0102432070358756,4,FALSE
"98",2.60912478925,0.91356222487,0.023753156781,2.86249506475,0.9692099883,0.37934503732,0.617432737525,0.3877634184,0.39413479627,1.7932020055,0.43464119648,0.33378939961,0.91913521525,0.58575256983,0.23532834255,2.6226949985,0.74145691772,0.533001087,0.62905767425,0.92993636686966,0.818464165658251,0.964327085640447,0.0596310461493293,0.10495961884121,0.05070922584502,0.10495961884121,0.145240916505421,0,61945.847715493,0.0008460958546,65481090.2533626,1e-04,1,0.0732719898223877,22.3201451301575,"5_128_3",5,128,3,1908,FALSE,TRUE,4,0.0241563571139899,4,FALSE
"99",2.84633560375,0.93083507053,0.021725001468,2.687016532,0.98739691741,0.39959839171,0.528194316825,0.94762814585,0.34818976288,2.910875625,0.42152652505,0.14414720407,0.77041760425,0.69194970612,0.25422414627,2.661982152,0.68511142873,0.5305926314,0.62965189214,0.931140906470652,0.822081012467117,0.959736499320423,0.0591162330150068,0.103908771769179,0.0538732840740572,0.103908771769179,0.154716142084015,0,69283.9289210065,0.000958171189,65481090.2533626,1e-04,1,0.0842640399932861,22.3469681739807,"5_128_9",5,128,9,1914,FALSE,TRUE,2,0.0277223193008418,4,FALSE
"100",2.78357046375,0.94060050705,0.04835436093,2.710941539,0.95490594421,0.39167012989,0.5185718045725,0.8514559092,0.3767462587,2.30148228525,0.50820731477,0.32508960178,1.074870802,0.50219860612,0.25113617472,2.59784645175,0.77621351848,0.5301795509,0.62941782491,0.930554126810232,0.819126673426061,0.96529395602121,0.059367576854029,0.104767920816967,0.0500172996502006,0.104767920816967,0.130038386918674,0,61697.2503727795,0.0008422989996,65481090.2533626,1e-04,1,0.0819518566131592,22.3573281764984,"5_128_12",5,128,12,1917,FALSE,TRUE,2,0.0193993622724594,4,FALSE
"101",2.9397168685,0.77080074244,0.03188906358,2.751545863,0.94456986041,0.38540678236,0.5082179918,0.76087040286,0.39238052977,1.6117806365,0.30115340764,0.30280849102,0.77853526625,0.74176847232,0.20558876052,2.79495292525,0.7660349911,0.52115462065,0.63184089254,0.928526890656327,0.81022459586256,0.964193667201313,0.0602278610266775,0.106897431773796,0.0523577994124003,0.106897431773796,0.109649732430398,0,68300.7008447606,0.0009431542367,65481090.2533626,1e-04,1,0.0665137767791748,22.3478190898895,"5_128_13",5,128,13,1918,FALSE,TRUE,6,0.0145628885580824,4,FALSE
"102",2.618211903,0.76353947024,0.02767669623,1.96654531875,0.93744012283,0.39786364204,0.540459277725,0.42765585917,0.39037863031,1.92139345375,0.40544409001,0.19825813345,0.90821783375,0.66049326992,0.20169660447,2.86387436675,0.74870581042,0.5327718024,0.62924548799,0.930213519115437,0.817788212549835,0.968637827451034,0.0595129873650579,0.105154847126567,0.0475467410380443,0.105154847126567,0.111959623821681,0,61504.9153303206,0.000839361445,65481090.2533626,1e-04,1,0.0762929916381836,22.4724872112274,"5_129_1",5,129,1,1921,FALSE,TRUE,5,0.0135417481249487,4,FALSE
"103",2.8473082565,0.91987664802,0.03896490384,2.56634062625,0.90675351415,0.39977162635,0.52917000975,0.52097729045,0.39261268303,1.9171264045,0.334376757233,0.30364292968,0.99332968675,0.76264329573,0.08826462474,2.57498294875,0.78011146638,0.5244161878,0.62962472297,0.930228290736096,0.818802248290561,0.966119615699834,0.0595066885104151,0.104861837703101,0.049418760535029,0.104861837703101,0.10415622188745,0,58522.0565129489,0.0007938039089,65481090.2533626,1e-04,1,0.0711901187896729,22.4741220474243,"5_129_4",5,129,4,1924,FALSE,TRUE,1,0.0121697284822387,4,FALSE
"104",2.68275874825,0.78707264403,0.1417317105,1.28738480925,0.44123251338,0.36329131411,0.5198179121275,0.77174061039,0.37837913263,2.4039281215,0.46974428779,0.15609543967,1.045326529,0.50884205776,0.20765250072,2.83122111425,0.7936180767,0.52096475455,0.62909558282,0.931725870986927,0.811748530719696,0.973239806568741,0.0588645984632748,0.106883397280309,0.0439199977279378,0.106883397280309,0.110278058434297,0,56423.6990995445,0.0007617554616,65481090.2533626,1e-04,1,0.0781359672546387,22.5204331874847,"5_129_14",5,129,14,1934,FALSE,TRUE,6,0.0120616463283535,1,FALSE
"105",2.81946593375,0.91692489663,0.0557263515,2.336620388,0.88711519048,0.39910277089,0.523506334255,0.57837599482,0.38873363713,2.015182012,0.354925154396,0.31590466519,1.20878847675,0.41936724254,0.06834696996,2.52130084325,0.76653533591,0.5273601915,0.62951002871,0.930443198568095,0.81782655096118,0.968630984890804,0.0594149728540318,0.105143783951336,0.0475519275998982,0.105143783951336,0.106475242396809,0,57758.5998461853,0.0007821435499,65481090.2533626,1e-04,1,0.085892915725708,22.6496801376343,"5_130_1",5,130,1,1936,FALSE,TRUE,3,0.0120783268774341,1,FALSE
"106",2.6882310435,0.89115670621,0.13070546172,1.52333706975,0.78425512926,0.37940060989,0.5293005976,0.59959936895,0.35876643643,2.7195005415,0.37675504424,0.35285783041,0.76603036575,0.93347478992,0.23284011342,2.5536356855,0.73236949875,0.5335395333,0.62924321846,0.929665257471903,0.813166632729753,0.971500520269687,0.0597463051465706,0.106480058891448,0.0453248265434034,0.106480058891448,0.108135883476773,0,61804.2584157401,0.0008439333454,65481090.2533626,1e-04,1,0.0835089683532715,22.6572639942169,"5_130_6",5,130,6,1941,FALSE,TRUE,5,0.0118281614623823,4,FALSE
"107",2.78357046375,0.94060050705,0.04835436093,2.710941539,0.95490594421,0.39167012989,0.5185718045725,0.8514559092,0.3767462587,2.66055731675,0.45538018503,0.17512598587,0.7562473655,0.98712030163,0.25113617472,2.59784645175,0.77621351848,0.5301795509,0.62941782491,0.931819731947147,0.82166567190861,0.963912792383363,0.0588241220189254,0.104029985278004,0.0510028358005267,0.104029985278004,0.162450407587964,0,61697.2503727795,0.0008422989996,65481090.2533626,1e-04,1,0.0737600326538086,22.6695392131805,"5_130_12",5,130,12,1947,TRUE,TRUE,3,0.0295922465896228,4,FALSE
"108",2.33135886025,0.75477273226,0.12724911357,1.26139197375,0.93744012283,0.39786364204,0.51597299276,0.66585923507,0.39118851076,1.99854958475,0.310851546797,0.39257029921,1.09825058625,0.5260749617,0.05590795011,2.3430514335,0.812985956,0.52420919045,0.62940402224,0.931375012022679,0.81088449092332,0.973323663000254,0.0590156564575597,0.107128404085667,0.0438511293154896,0.107128404085667,0.0877107794118437,0,47334.713945336,0.0006229383755,65481090.2533626,1e-04,1,0.0809428691864014,22.8097231388092,"5_131_1",5,131,1,1951,FALSE,TRUE,2,0.0064904667430075,1,FALSE
"109",2.8473082565,0.91987664802,0.03896490384,2.56634062625,0.90675351415,0.39977162635,0.52917000975,0.52097729045,0.39261268303,1.9171264045,0.334376757233,0.30364292968,0.99332968675,0.76264329573,0.08826462474,2.3722990785,0.7312200025,0.5244161878,0.62962472297,0.930682267433477,0.818770907101089,0.967561827895656,0.059312779423609,0.104870906117558,0.0483554992603475,0.104870906117558,0.123514175382066,0,58522.0565129489,0.0007938039089,65481090.2533626,1e-04,1,0.0702860355377197,22.8048560619354,"5_131_4",5,131,4,1954,FALSE,TRUE,3,0.0170633249554967,4,FALSE
"110",2.195484477,0.76018370419,0.13405809282,1.2030001515,0.7874561559,0.39894617041,0.5194299030675,0.54148699925,0.3918057748,1.84342319625,0.326323248336,0.28209658243,0.979128791,0.47219258147,0.11357143593,2.5845371595,0.79904936039,0.52773110325,0.62967059405,0.929994169742788,0.810740903295708,0.972484229128248,0.0596064431074156,0.107169065464488,0.0445357250379751,0.107169065464488,0.10241646189705,0,56303.7887939005,0.0007599240581,65481090.2533626,1e-04,1,0.0739641189575195,22.8124871253967,"5_131_6",5,131,6,1956,FALSE,TRUE,3,0.0100279942742478,1,FALSE
"111",2.79889344075,0.92738050137,0.02213063253,2.7221122385,0.98375953163,0.39554772082,0.559663572975,0.49276162675,0.39413479627,1.7932020055,0.43464119648,0.33378939961,0.91913521525,0.58575256983,0.23532834255,2.6226949985,0.74145691772,0.533001087,0.62953304855,0.929111559546184,0.819027486579666,0.961752393059539,0.0599810152782164,0.104796643060392,0.052507315933305,0.104796643060392,0.131950339617727,0,67816.3126785943,0.0009357561221,65481090.2533626,1e-04,1,0.068526029586792,22.963944196701,"5_132_3",5,132,3,1968,FALSE,TRUE,3,0.0205909418840434,4,FALSE
"112",2.6882310435,0.91413265963,0.05731301541,2.35773991475,0.8822538372,0.39569742304,0.536006913325,0.365254919303,0.35730115954,2.7195005415,0.37675504424,0.35285783041,0.76603036575,0.93347478992,0.23284011342,2.5536356855,0.73236949875,0.5335395333,0.62924321846,0.929802688523567,0.817821163724511,0.968009559242424,0.059687905754171,0.105145338596823,0.0480206237260405,0.105145338596823,0.110574789906346,0,61804.2584157401,0.0008439333454,65481090.2533626,1e-04,1,0.0743100643157959,22.9760510921478,"5_132_6",5,132,6,1971,FALSE,TRUE,4,0.0133101997466912,4,FALSE
"113",2.8017489475,0.91991408409,0.023971911321,2.719716724,0.66012327463,0.37914770995,0.5120475254075,0.75682261562,0.37743573202,2.2022406705,0.48333778281,0.113539957327,0.62398245215,0.84649155267,0.16834269171,2.71520338975,0.69786201504,0.5310356444,0.62961409385,0.931086562223004,0.818157993287923,0.970272932732895,0.05913955595925,0.105048092274159,0.0462906967580788,0.105048092274159,0.162081669968593,0,68974.53481898,0.0009534457783,65481090.2533626,1e-04,1,0.0844600200653076,22.9913761615753,"5_132_8",5,132,8,1973,TRUE,TRUE,5,0.0287720585798235,4,FALSE
"114",2.86186504175,0.92986818573,0.0496852728,2.1361763305,0.90916391529,0.39140223904,0.5135792495875,0.93520442853,0.35074623676,2.9089529195,0.358260407856,0.29793508108,0.919717412,0.71442565304,0.15613348884,2.36350694875,0.70974774505,0.52793034005,0.62947163774,0.931118651101406,0.81906954234731,0.969796675606106,0.0591257854737933,0.104784465632816,0.0466600348022155,0.104784465632816,0.146143289275942,0,59066.7808446667,0.0008021235445,65481090.2533626,1e-04,1,0.0699360370635986,22.9875001907349,"5_132_11",5,132,11,1976,FALSE,TRUE,3,0.0237013804652636,1,FALSE
"115",2.42257930325,0.78317154921,0.12526208493,1.45476116225,0.87641856454,0.39860318311,0.5216140641425,0.84425630826,0.38718319204,2.19723591075,0.317024841043,0.34269255145,1.09748078975,0.68206765765,0.014964839979,2.59784645175,0.77621351848,0.5301795509,0.62938504742,0.932207950893421,0.811819769631984,0.97385349255678,0.0586564104493108,0.106863171734436,0.0434134727592616,0.106863171734436,0.0785639454468204,0,41597.7233083071,0.0005353166763,65481090.2533626,1e-04,1,0.0748820304870605,22.9966781139374,"5_132_12",5,132,12,1977,FALSE,TRUE,1,0.00549533958803938,1,TRUE
"116",2.86501185675,0.89882820494,0.06078843687,2.047641562,0.70177702236,0.39348890905,0.5398761386,0.369853572964,0.39238052977,1.6117806365,0.30115340764,0.30280849102,0.77853526625,0.74176847232,0.20558876052,2.79495292525,0.7660349911,0.52115462065,0.63184089254,0.928258307386141,0.807744502407229,0.970531215827381,0.0603409177251125,0.107593662841024,0.047498792804081,0.107593662841024,0.0942408784293472,0,68300.7008447606,0.0009431542367,65481090.2533626,1e-04,1,0.0786659717559814,23.0059070587158,"5_132_13",5,132,13,1978,FALSE,TRUE,5,0.00926958798705066,4,TRUE
"117",2.8473082565,0.91987664802,0.03896490384,2.56634062625,0.90675351415,0.39977162635,0.52917000975,0.52097729045,0.39261268303,1.9171264045,0.334376757233,0.30364292968,0.99332968675,0.76264329573,0.08826462474,2.57498294875,0.78011146638,0.5244161878,0.62962472297,0.930228290736096,0.818802248290561,0.966119615699834,0.0595066885104151,0.104861837703101,0.049418760535029,0.104861837703101,0.10415622188745,0,58522.0565129489,0.0007938039089,65481090.2533626,1e-04,1,0.0714430809020996,23.1219680309296,"5_133_4",5,133,4,1984,FALSE,TRUE,1,0.0121697284822387,NA,NA
"118",2.71616537825,0.89670479729,0.13405809282,1.2030001515,0.7874561559,0.39894617041,0.5194299030675,0.54148699925,0.3918057748,1.84342319625,0.326323248336,0.28209658243,0.979128791,0.47219258147,0.22609360419,2.6464931535,0.70789901509,0.53002032575,0.62965563251,0.928811340291537,0.812690690852849,0.969962620708756,0.0601078937229321,0.106615597008123,0.0465316769265514,0.106615597008123,0.103247353489528,0,66687.9008942758,0.0009185217628,65481090.2533626,1e-04,1,0.073004961013794,23.12832903862,"5_133_6",5,133,6,1986,FALSE,TRUE,1,0.0109073578460852,1,FALSE
"119",2.78795574025,0.89811397807,0.05399411037,2.44384065325,0.9028077811,0.39944933347,0.5172534442625,0.7447286886,0.38122214242,2.44608932875,0.339294749935,0.30361306186,1.036220679,0.68211622295,0.09137748537,2.561933524,0.68316336009,0.54044438095,0.6295031336,0.931523582247782,0.818144411251388,0.970597198282145,0.0589517386315707,0.105052015296161,0.0460375329195772,0.105052015296161,0.117359845156663,0,52570.307681896,0.0007029021838,65481090.2533626,1e-04,1,0.068648099899292,23.1698050498962,"5_133_15",5,133,15,1995,FALSE,TRUE,3,0.0146740928554909,1,FALSE
"120",2.43685874825,0.9865850327,0.002013597102,1.589787797,0.88083933768,0.37916428786,0.5357408787,0.44090052851,0.3878470471,2.000717255,0.39700549516,0.1021978068607,0.5070397975625,0.43657457933,0.05496367488,2.64202033475,0.8555259213,0.52368737625,0.62917634501,0.930753127035883,0.818139913468011,0.96946791672334,0.0592824556200676,0.105053314399175,0.0469132914173356,0.105053314399175,0.14424136242791,0,63042.8230638477,0.0008628500817,65481090.2533626,1e-04,1,0.0834681987762451,23.2966270446777,"5_134_2",5,134,2,1997,TRUE,TRUE,4,0.0231387810240308,4,FALSE
"121",2.6882310435,0.91413265963,0.04723194693,2.28816641175,0.93819381199,0.39947856271,0.537548921475,0.81474573353,0.35065756879,2.93156317475,0.419015036,0.20312640715,0.780900873,0.97261529426,0.23284011342,2.5536356855,0.73236949875,0.5335395333,0.62924321846,0.931563439719567,0.82013611148243,0.968016657381391,0.058934579371869,0.104475161524348,0.0480152959474586,0.104475161524348,0.150011053008686,0,61804.2584157401,0.0008439333454,65481090.2533626,1e-04,1,0.0912790298461914,23.3122839927673,"5_134_6",5,134,6,2001,FALSE,TRUE,3,0.0251512322087637,4,FALSE
"122",2.72374561825,0.90277406777,0.04107847299,2.399385727,0.94645140098,0.39383906236,0.566006886725,0.34772031215,0.39482782252,1.56968719875,0.358947074256,0.121708739539,0.907661094,0.47785152448,0.09359818548,2.58941721175,0.80239703563,0.53046780545,0.62956238369,0.929866583986411,0.820819128320796,0.96276624371366,0.0596607348089326,0.104276605360019,0.0518067216329043,0.104276605360019,0.163043455491302,0,66915.334383483,0.0009219953799,65481090.2533626,1e-04,1,0.0763609409332275,23.2998549938202,"5_134_7",5,134,7,2002,TRUE,TRUE,4,0.0299177129712448,4,FALSE
"123",2.78357046375,0.94060050705,0.04835436093,2.710941539,0.95490594421,0.39167012989,0.5185718045725,0.8514559092,0.3767462587,2.66055731675,0.45538018503,0.17512598587,0.7562473655,0.98712030163,0.04806407664,2.540638288,0.77621351848,0.5301795509,0.62941782491,0.93189672032019,0.821639106867163,0.964170360003828,0.0587909008776674,0.104037733247762,0.0508204969016194,0.104037733247762,0.165372075959525,0,61697.2503727795,0.0008422989996,65481090.2533626,1e-04,1,0.0723280906677246,23.3147130012512,"5_134_12",5,134,12,2007,TRUE,TRUE,4,0.0304886793034141,4,FALSE
